"","logFC","logCPM","F","PValue","FDR"
"GADD45B",2.77499473612148,6.41555708794127,47.4027991649687,1.44788524125879e-08,0.000165293171696841
"PFKFB3",2.55673682661136,7.64521541139122,45.3587196928953,2.42460991517401e-08,0.000165293171696841
"PIM3",2.14843413699811,6.7371493831651,44.7493483221302,2.83404133353709e-08,0.000165293171696841
"RELB",1.4941775669645,4.64883953298806,44.2983557105536,3.18321131270725e-08,0.000165293171696841
"HELZ2",1.9981316864193,7.75484696823799,43.6431535166085,3.77263559124573e-08,0.000165293171696841
"IER3",2.19198712200478,3.95125991010795,42.9016973229193,4.57953705057245e-08,0.000165293171696841
"ICAM1",2.17908768699277,6.56217874647184,42.7134516069338,4.81182817049773e-08,0.000165293171696841
"NTNG2",1.96942218887694,4.77141585605234,40.7875517916479,8.03426030127073e-08,0.000219989313531812
"IER5",1.86450650506583,6.21765710630896,40.6964875602977,8.23381777337733e-08,0.000219989313531812
"NXT1",1.9866792575573,3.21918090818911,40.2921435642739,9.18450885168061e-08,0.000220850699847512
"ELL",1.38157323372989,5.91258848393228,39.346193078441,1.18849123944463e-07,0.000244949411880529
"TOM1",1.25302847307549,5.65272569754771,39.0984342913894,1.27212860825933e-07,0.000244949411880529
"IRF7",2.21818917967267,6.37225546090287,38.5270278124265,1.48934455596848e-07,0.000244949411880529
"IFIH1",1.69663931481857,5.8114718069468,38.4951484119827,1.50255111874535e-07,0.000244949411880529
"BCL3",1.70481368351995,4.95547585447313,38.434522652998,1.52800514772018e-07,0.000244949411880529
"GNA15",1.51474505938952,4.42337792008825,37.6797290848834,1.88547717282794e-07,0.000283363650611379
"JUND",1.79298912753316,7.57456634740894,37.1227854001366,2.20468743889012e-07,0.000311846553856187
"ZC3H12A",1.81813923615835,5.39092035501979,36.5143755839693,2.61880288198249e-07,0.000329031322363058
"SESN2",1.88004706701967,4.26224726813004,36.4934490351311,2.63441660684205e-07,0.000329031322363058
"IRAK2",1.94433634083839,4.18686656825415,36.3595114732498,2.73668237846676e-07,0.000329031322363058
"ZBP1",1.69957564032979,5.62429718924431,35.9346918663356,3.08940454342793e-07,0.000339303611384114
"SOCS3",2.27579385418639,6.80736721504427,35.9178479045196,3.10433313251705e-07,0.000339303611384114
"EHD1",1.05702045241533,6.8375615927271,35.05121690769,3.98385646374912e-07,0.000416503532727441
"LGMN",1.468993680583,2.61544706828288,34.7175161748244,4.38881872704923e-07,0.000439723062960941
"NME6",-1.1380976160124,2.80664636024558,34.3639836688519,4.86510969496588e-07,0.000467945710900598
"CD82",1.59193004210116,5.42791409027745,33.998296003653,5.41498536532396e-07,0.000500802838825307
"IPO4",1.40073011873227,4.75903084212375,33.4841145445195,6.30044101366911e-07,0.000551698172438592
"MOV10",1.52436744470091,5.49682885124566,33.4183461838715,6.42416569420302e-07,0.000551698172438592
"NFKBID",1.44163895575335,4.69818292293595,33.2893650190933,6.67424028989519e-07,0.000553409593140758
"PLK3",1.97270688375171,6.18315873618074,32.9712923534667,7.33541834395784e-07,0.000587958231662701
"GTPBP1",1.20269542849139,6.80340838151256,32.7250748782595,7.89408860342135e-07,0.000612326627606032
"CSF1",2.01296783178345,4.26717093308957,32.3083698413495,8.94325344763777e-07,0.000648340929738308
"HERC6",1.32958096681051,4.96578007715415,32.1943488379876,9.2550353982711e-07,0.000648340929738308
"NINJ1",1.37431511797751,5.67359949339157,32.0594455281874,9.63865305664219e-07,0.000648340929738308
"TOMM40L",1.44400715480126,3.74161045997711,32.053829296715,9.65497968615381e-07,0.000648340929738308
"KCNE3",-1.74053736953665,4.44666758819156,31.9446393344233,9.97821190317463e-07,0.000648340929738308
"PPP1R15A",1.96243297625283,7.9210073829406,31.9430481032028,9.98300516663784e-07,0.000648340929738308
"UPP1",1.67759792900468,5.35288765022943,31.8488610096408,1.02710576232965e-06,0.000648340929738308
"TSC22D2",1.03460623857412,5.19495577529331,31.6094981409729,1.10428973407502e-06,0.0006638437736392
"VEGFA",2.33225837512292,4.58171757424279,31.3202087585994,1.2057404719911e-06,0.000695470831274892
"NFKBIE",1.58962026592906,5.04079305896868,31.2907646529536,1.21659910267102e-06,0.000695470831274892
"BIN3",1.13831218055137,4.78510928300013,31.1755717927374,1.26007323588548e-06,0.000695470831274892
"FBXO39",2.61556210781162,1.39989465395592,31.1261662518338,1.27921395486707e-06,0.000695470831274892
"REC8",1.89254771265744,5.6001426686181,31.0442509935071,1.31162243545842e-06,0.000695470831274892
"ERMP1",-1.11309386413126,3.76179795618001,30.9976640101639,1.3304357580739e-06,0.000695470831274892
"NUDT5",-1.32524832135102,2.85815656494077,30.8293512459979,1.40079106842048e-06,0.000716668553856144
"TNFAIP8L2",-2.2036524975881,3.4724058811663,30.7584325836134,1.43159033368891e-06,0.000717167107580905
"ZNF33A",-1.23468726813988,5.58608334276867,30.6116773315673,1.49759509299524e-06,0.00072022343212327
"PLEKHM2",1.06294650511169,5.65652826387722,30.5451036554801,1.52857929136055e-06,0.000720710149805016
"NFKBIA",2.36671222523913,9.127707340916,30.3738979297667,1.61137871773563e-06,0.000737016555031169
"NFKB2",1.18355992194984,6.14396747076471,30.1817344666725,1.70992756107811e-06,0.000738114877974216
"CMPK2",2.08871952471432,6.02240250553214,30.1111452947597,1.74769385882007e-06,0.000738114877974216
"PDLIM7",1.2230646075036,5.17590694485502,30.0077997221267,1.80456618153105e-06,0.000738114877974216
"ZNF780B",-1.37994210140524,3.99836533211342,29.9743106431141,1.82340815988585e-06,0.000738114877974216
"CSRNP1",1.77472565649644,6.93522051086765,29.9570962665781,1.83317344377969e-06,0.000738114877974216
"GADD45A",1.8389509975907,3.9855184935247,29.9429313794887,1.84124984217404e-06,0.000738114877974216
"DHRS4_AS1",-1.3338310178763,1.73806916561854,29.9384222127149,1.8438286365451e-06,0.000738114877974216
"CSNK1D",1.64113537461312,7.12180160105799,29.8483462342607,1.89614224189197e-06,0.000738114877974216
"ZNF253",-1.17670078047516,2.49498039036426,29.8364793020105,1.90314906572409e-06,0.000738114877974216
"LMTK2",1.26385656815299,6.24715215007387,29.7415038612647,1.96021226465473e-06,0.000741215858079568
"MIR23A",2.55914837785345,2.55947520381831,29.7209514045938,1.9727944322171e-06,0.000741215858079568
"C1orf74",-1.93959856614249,2.36630247030373,29.5536820415254,2.07839126932934e-06,0.000768483078288306
"CXCR6",-1.19724059102214,2.45762888285027,29.5064215710462,2.10928566776296e-06,0.000768483078288306
"HCG18",-1.25534468476947,4.35409360557826,29.3918768904023,2.18617350528148e-06,0.000781559787303545
"ARL8A",1.27626561427182,4.49884622098873,29.3569698017739,2.21018321286871e-06,0.000781559787303545
"DRAP1",1.08146787252103,4.76224992506422,28.6556416972017,2.75575941095701e-06,0.00093649861554563
"NFKBIZ",1.32933622565344,7.31914029727479,28.644854249984,2.76517515194792e-06,0.00093649861554563
"ZNF780A",-1.18002594187784,3.82840835433368,28.5658585032043,2.83515967468072e-06,0.000939111726343212
"GADD45G",2.69589888462912,1.87070443493638,28.54826121454,2.85100041682835e-06,0.000939111726343212
"JMJD6",1.12127272047689,5.3072352133446,28.3941628377235,2.99373568152913e-06,0.000962370837586911
"UBE2S",1.17983635690725,3.66128229831721,28.3858386856171,3.00165569404551e-06,0.000962370837586911
"ALB",7.07288845168465,4.31251151904428,28.2690371881043,3.11512721609602e-06,0.000985609855766382
"RELT",1.11906232272435,6.66508467476754,28.1705817445846,3.21425929467998e-06,0.00100376725973863
"HSPA2",2.99156658365376,1.94606120673657,28.0638449829824,3.32546639282285e-06,0.00100472997280646
"JUN",2.36944545017834,6.60949094403828,28.0495357700798,3.34067802651703e-06,0.00100472997280646
"SBNO2",1.55874104822567,7.48187028640944,28.0476453711656,3.34269308094971e-06,0.00100472997280646
"ZNF302",-1.14702985284436,3.13452590734872,27.9533873110086,3.4447962475915e-06,0.00102263667369858
"ARID5A",1.13248501583346,4.9268124858757,27.8451669332161,3.56605897401588e-06,0.00103100591890334
"HIF1A",1.59237543180407,7.54324878220368,27.8164455428974,3.59898577557128e-06,0.00103100591890334
"FAM134B",-1.19336508867019,2.41920983461274,27.8141617157693,3.60161761573155e-06,0.00103100591890334
"USP18",2.40431317743939,3.87435774619027,27.629052623448,3.82177357535074e-06,0.00106227977150231
"MPZL1",-1.66741465234365,3.96977355625589,27.6175319784439,3.83593259168083e-06,0.00106227977150231
"DDIT3",1.43949980852097,4.78172277192747,27.553590559823,3.91552114428409e-06,0.00106227977150231
"GPR84",2.49558958264402,1.84421757359889,27.5359872965468,3.93773398894673e-06,0.00106227977150231
"HSPB1",1.82880262561532,2.72871660267467,27.5109947201813,3.96949779707487e-06,0.00106227977150231
"PHACTR1",1.16938466071216,3.32144960054579,27.4924630088516,3.99322328415053e-06,0.00106227977150231
"PML",1.58864550052598,5.47749071574983,27.4716042159898,4.02010559788365e-06,0.00106227977150231
"HERC5",2.06042248609978,6.08634774031144,27.4224243619734,4.08423950728677e-06,0.00106749590426323
"SLC4A10",-2.21377481713374,2.36646820714572,27.2818587257766,4.27351652551668e-06,0.00108681250478807
"TICAM1",1.42285006910715,3.30506084744212,27.2798671576638,4.27626323878298e-06,0.00108681250478807
"B3GALT6",-1.16447024703854,2.2464096566191,27.2672290125236,4.29373650315508e-06,0.00108681250478807
"ZNF226",-1.3190676918196,2.83700208942893,27.1383328661855,4.47627114215332e-06,0.00112121266546061
"C19orf66",1.18744439515043,4.6469599167019,26.937339377592,4.77727622505843e-06,0.00114874384107755
"ADORA2A_AS1",1.84757909913752,3.51345541575887,26.8782925719742,4.86967242511224e-06,0.00114970376991936
"HES4",2.78916298605556,2.33129683576276,26.8737272542917,4.8768936426755e-06,0.00114970376991936
"MIR6723",5.09450032940608,1.0289226881232,26.7724832396258,5.03994935326333e-06,0.00117508350753761
"ATF3",2.29942990330213,2.81492595413748,26.6909245429688,5.17544585419492e-06,0.00117508350753761
"SQLE",1.35141977496326,3.21425584971467,26.6882081294447,5.18002377938063e-06,0.00117508350753761
"TIMM10",1.57436237765173,2.99310619395694,26.6303669203501,5.27851472860251e-06,0.00117963923272407
"DDAH2",1.19293441884777,4.40048753751041,26.5907875554811,5.3470372621435e-06,0.00117963923272407
"GZF1",1.59742634830155,4.61310017879946,26.5807084436061,5.36463515327463e-06,0.00117963923272407
"CCL2",3.8279656016404,1.24131828827647,26.549571786455,5.4193827617102e-06,0.00117963923272407
"ZNF33B",-1.19873688400497,4.06095768508416,26.4997272255513,5.50824462962303e-06,0.00118260044967782
"RSAD2",2.44634146201796,6.96752044603785,26.3265731403993,5.82897181333383e-06,0.0012403845683489
"CDC42EP4",1.36939900932899,2.92682531084122,25.9856001330377,6.51900029876078e-06,0.00133685675903004
"LOC100132057",-1.00597580813784,2.92517415749341,25.9737813642927,6.5443980759821e-06,0.00133685675903004
"ZNF28",-1.30891194834636,2.89034559790374,25.9664034789741,6.56030514703256e-06,0.00133685675903004
"MIDN",1.024036087654,6.45765093284724,25.9387620309354,6.62026203767e-06,0.00133773799124212
"ZFP14",-1.40055167192739,2.94485175555969,25.8105896082588,6.90586775446247e-06,0.00137785404228359
"LIMK2",1.63160303387228,7.72953209127229,25.7724437310518,6.99333521237413e-06,0.00137785404228359
"IL16",-1.24632257956923,6.49456342868627,25.7488591120976,7.04799331285375e-06,0.00137785404228359
"TLE3",1.10527635310341,7.50521678796405,25.5943884009411,7.41721584157559e-06,0.00142683497701221
"ARHGDIA",1.16040454962851,5.87125642089004,25.4822616224663,7.69786872084445e-06,0.00146907104175735
"DOT1L",1.21736421407739,5.48329756664022,25.2715640774937,8.25572044354232e-06,0.00152865061587407
"TMCC2",2.13924541142554,6.99927159344029,25.2684226663297,8.26435083022663e-06,0.00152865061587407
"CD244",-1.1709481685645,4.12662596865986,25.2199158613964,8.39881842104607e-06,0.00152998475570056
"PLAUR",1.04572338782193,5.47757513444298,25.113250785759,8.70262483239174e-06,0.00157340839638866
"MX1",2.0892964932059,7.74040998796172,25.0144654068392,8.99425219577892e-06,0.00160207046342092
"OAS3",2.32728504774932,8.11689538276876,25.0144138379643,8.99440707651272e-06,0.00160207046342092
"IKBIP",-1.79458261991799,3.27816838785031,24.9803603690997,9.09729441709878e-06,0.00160220464629692
"PCYOX1",-1.03990622728823,3.08743105401393,24.9647951217045,9.14473185181576e-06,0.00160220464629692
"ZNF146",-1.03031310668071,4.32418120077072,24.9483757957611,9.19505286488291e-06,0.00160220464629692
"GCH1",1.02995392302969,4.85729653962295,24.9147237811529,9.2990953273087e-06,0.00160867659165802
"IL1RN",2.01308636335216,5.33348021595063,24.8619030728813,9.46489350682728e-06,0.00162566306617978
"CTSL",1.66899294133581,3.90523018736851,24.700055972765,9.99245066535357e-06,0.00169803064878007
"CEP19",-2.22718020051024,2.62087519159413,24.6851485208211,1.00425668560604e-05,0.00169803064878007
"EIF2AK2",1.41670578864222,6.35549567656177,24.6685467316235,1.00986888306419e-05,0.00169803064878007
"ADAM9",1.34700929108364,4.69002866265705,24.6479729166887,1.01686938960463e-05,0.00169803064878007
"FCMR",-1.37407260357419,4.71217541632857,24.6153019142054,1.02809066623363e-05,0.00170492883863821
"RAB20",1.55062491929972,3.20934948191089,24.4614040451588,1.08271899863487e-05,0.00175912574602528
"IFI6",2.39368408428378,7.3424784435289,24.4083464800949,1.10224972106204e-05,0.00177130417679608
"GAPT",-1.57109647713558,3.50619968966949,24.4010956181741,1.10494729484909e-05,0.00177130417679608
"HVCN1",-1.39536488800911,3.93270384464661,24.2766861780003,1.15232405513856e-05,0.00180810391756538
"LAMP3",2.32080337179504,1.85482736365487,24.2537188754101,1.16130032540506e-05,0.00180810391756538
"FBRS",1.15636124808807,6.09925508991422,24.2535276765397,1.16137535771379e-05,0.00180810391756538
"SPATS2L",1.93587632384202,3.80593329559681,24.2319179094784,1.16988847352431e-05,0.00180810391756538
"ZNF573",-1.13606375090853,2.16099124880235,24.2282229994136,1.17135060045476e-05,0.00180810391756538
"GPR171",-1.18222638372236,2.43497648120498,24.184888083983,1.18864228441244e-05,0.00180810391756538
"FBXO6",1.16753791992178,3.19112237629595,24.1695292043835,1.19483479623867e-05,0.00180810391756538
"EPSTI1",1.68958688822598,7.15691106192185,24.1503217570122,1.20262655359234e-05,0.00180810391756538
"ZCCHC2",1.12508026619925,7.1417012643115,23.733529436025,1.38547486363922e-05,0.00200352892289828
"FGA",6.63305403142164,4.15559212114417,23.7254106082608,1.38931281964606e-05,0.00200352892289828
"SLAMF6",-1.24699308083665,4.16022467684775,23.6879050329933,1.40718755659589e-05,0.00200352892289828
"UPB1",2.03276124700061,2.33517780237385,23.6736417395737,1.41404831602456e-05,0.00200352892289828
"IGIP",-1.5483369146917,1.92815189729809,23.6689741483072,1.41630106126794e-05,0.00200352892289828
"WHAMM",1.32433925341584,5.53170587026296,23.6686628155231,1.41645145509735e-05,0.00200352892289828
"QSOX1",1.08953081711764,5.04550022439039,23.5886869935227,1.45564414561547e-05,0.00203502436775986
"DPP4",-1.06379692016026,3.63998860497535,23.3853485749701,1.56049021275032e-05,0.00212580546387863
"MARCKS",1.53487221122762,6.78265528012858,23.3652151140022,1.57129314899373e-05,0.00212580546387863
"MAPKAPK2",1.05510972099389,6.44796886818809,23.3406844336078,1.58456137505175e-05,0.00212580546387863
"TRIM27",-1.30247784431158,4.25495042190832,23.3365446461312,1.58681205651597e-05,0.00212580546387863
"PSTPIP2",1.1721311696587,5.5211335257938,23.3325763874198,1.58897262419927e-05,0.00212580546387863
"LDLR",1.75420773309903,5.56578654360093,23.3135817514205,1.59935721979042e-05,0.00212580546387863
"CD83",1.62839532062808,5.04673925970712,23.3121466705912,1.60014467671143e-05,0.00212580546387863
"FOSL2",1.08019911222545,6.89995035745473,23.1642868437539,1.68349382155469e-05,0.00222424683698374
"MAFG",1.35945048808521,4.51991193365957,23.1056373251533,1.71780252867827e-05,0.00225717374888513
"ZBTB43",1.51354925922008,5.57583803812428,23.0572631724868,1.74665099387125e-05,0.00228260705427326
"OASL",1.98370082951234,5.86033928960025,22.9635563149172,1.80398634252226e-05,0.00234479219417786
"CCNL1",1.25387032044776,7.68678919993039,22.945337801118,1.81536043655663e-05,0.00234689016437854
"NOG",-3.18061662431462,0.957261235705761,22.8192835330836,1.89614362844023e-05,0.002418865707393
"WDR3",-1.09052995326223,3.13266803675915,22.8034082060588,1.90658115942393e-05,0.002418865707393
"MRFAP1L1",-1.10826714053228,4.19615601942528,22.788244318252,1.91660711670847e-05,0.002418865707393
"BPNT1",-1.33819435451204,1.81604978168954,22.7664272141371,1.93112894144981e-05,0.002418865707393
"CITED4",1.6607089297881,0.744612846874192,22.7660354840685,1.93139073367486e-05,0.002418865707393
"PTX3",1.95603655013697,1.5078131642785,22.7166920175271,1.96466579247228e-05,0.00243401384665873
"ERMAP",1.26134804933004,5.30824993613458,22.7121404360935,1.96776526576856e-05,0.00243401384665873
"MKKS",-1.29723642805111,2.39202854758191,22.7032223497427,1.9738530320987e-05,0.00243401384665873
"C16orf52",-1.3106699423183,1.92644823296222,22.684729550007,1.98653972009287e-05,0.00243715990353843
"DENND2D",-1.20415405853818,5.50754492237266,22.6672122195883,1.99863594928552e-05,0.00243955330134618
"LMNA",1.74279233363258,5.73778196841573,22.5478371571955,2.08314854357699e-05,0.00250456949394261
"AGRN",2.16176355824076,4.45890116994442,22.4859003789269,2.12846351155533e-05,0.00254632007954525
"MERTK",1.55458171165495,3.60040932427451,22.4018449151464,2.19161827675118e-05,0.0025853613951955
"IRGQ",1.27060786709084,4.67294620220611,22.3881847523556,2.20206571631465e-05,0.0025853613951955
"ARID3B",1.11841666663336,5.16455221970993,22.3805541455607,2.20792437316937e-05,0.0025853613951955
"CXCL10",3.60679967989567,2.16229087734799,22.3638195989016,2.22083010208161e-05,0.0025853613951955
"TMEM57",1.13928487951683,5.48735449790754,22.3512974274864,2.23053888418216e-05,0.0025853613951955
"MEF2C",-1.00728817415788,4.91551036789243,22.3438165789134,2.23636018548059e-05,0.0025853613951955
"SLC16A1",1.17617893493922,3.60253758757816,22.32427911886,2.25163860977249e-05,0.00259056947419088
"ITPRIP",1.21146315504336,6.79220566119126,22.1501755952449,2.39271301936282e-05,0.00267863553213255
"OPLAH",2.19913914900822,3.37604525502822,22.1474179646487,2.39502054149754e-05,0.00267863553213255
"FCRL3",-1.35944695380427,4.1136032683094,22.092209049978,2.44171170675029e-05,0.00271821294909803
"C15orf48",2.98287240370086,0.709846899154818,22.0441907265877,2.48309662572123e-05,0.00275154568949736
"CASS4",-1.33647792601536,3.54008999931125,21.9970147921064,2.52447126260104e-05,0.00278456128350938
"PTGDR",-1.42448247815366,3.07201671372735,21.9145271631211,2.59855909660425e-05,0.00284765700713553
"ZFP62",-1.10258316031278,3.38212068933364,21.8347943629812,2.67233880351467e-05,0.00289455220132043
"ACTL6A",-1.0275406555539,2.46963739940624,21.8026942758677,2.70265854320271e-05,0.00291137974104279
"SMTNL1",1.80127040627064,3.10037035358257,21.7842014083212,2.72028908939249e-05,0.00291137974104279
"ZFP36",1.18352452035521,7.56679043188868,21.7449809061979,2.75808049073271e-05,0.0029345488265557
"KIAA1324",-1.59504055871301,3.55182644221641,21.677873037636,2.82402364942991e-05,0.00296534815171142
"RRP12",1.3333304359235,6.15920718430891,21.5945554022673,2.90820002686315e-05,0.0030404599063457
"CD1C",-1.74140638836005,1.61779700282151,21.5809913976262,2.9221506352649e-05,0.00304181966128052
"EHD4",1.32273675835706,4.57623964348287,21.5619847625168,2.94181701043519e-05,0.0030490918893502
"NRIR",1.49313376010039,2.44475943205348,21.5212027145653,2.98448387070732e-05,0.00306278989665063
"ZNF701",-1.1820914170048,3.17981535943242,21.5129044498016,2.99324472142102e-05,0.00306278989665063
"NAPA",1.16275566027271,6.51833567903828,21.4812754073694,3.02688465084714e-05,0.00308408764043519
"FUT4",1.28501041828715,4.46558206714191,21.4584886677828,3.05136532106819e-05,0.00309591267976395
"HIC1",2.17379809502218,2.84831741805409,21.4450799853095,3.06586760615213e-05,0.00309755682594681
"NET1",1.44521497399002,4.05198423788571,21.3957787144663,3.1198134837783e-05,0.00313887175861645
"ZNF671",-1.04962556960972,2.85999715334922,21.3640450037285,3.15506186689751e-05,0.00316110906880906
"IFI35",1.37829361131324,4.90274928290334,21.3480240924079,3.17301536638935e-05,0.00316590570540242
"EAF1",1.18524498130865,5.52816694590211,21.2769546359208,3.25395746962893e-05,0.00321994491006984
"GIMAP7",-1.69638670284133,5.19543710740587,21.2271876551581,3.31192313154374e-05,0.00324152024021819
"COL10A1",-1.28031744741049,2.19898089497064,21.2235500512337,3.31620219202227e-05,0.00324152024021819
"HIST1H2BO",1.35060324468489,3.43282637486395,21.2007398145292,3.34316712207748e-05,0.00325464763633502
"ZNF248",-1.05562747000815,2.69723354248507,21.1633986716051,3.38780641288682e-05,0.00326431041786326
"DDX39A",1.11690995202568,5.88143574031287,21.1584088917978,3.39381853308581e-05,0.00326431041786326
"RHBDF2",1.04297908729163,5.35123664680239,21.1080543678702,3.45511914829778e-05,0.00326998116976218
"SEMA6B",2.63335691781287,2.98839550036453,21.1033932122134,3.46085188983363e-05,0.00326998116976218
"C9orf89",1.06476698443471,4.53849862973515,21.0915151427578,3.47550577668701e-05,0.00326998116976218
"ANKRD42",1.16599554538187,3.63400798031517,21.0525563745477,3.52402673051342e-05,0.00329722750046404
"LGALS3BP",1.79872499471021,4.70796403734072,20.9524245733848,3.65201860343057e-05,0.00336441513288525
"SERPING1",2.45721808268253,4.73407453209468,20.9513230737807,3.65345334869842e-05,0.00336441513288525
"SMURF1",1.0794323872865,5.30745843835269,20.9301119751464,3.68119705899638e-05,0.00336441513288525
"KLF4",1.63119720421527,5.70404894905987,20.9192043955716,3.6955497915789e-05,0.00336441513288525
"STOM",1.19271837895294,7.60330469587274,20.8963814403515,3.72577131712157e-05,0.00336684465765196
"CDKN1A",1.44632742999403,5.3354567519621,20.8845476810506,3.74154305150581e-05,0.00336684465765196
"ZSCAN32",-1.01067401541183,2.83565503005098,20.8763938102829,3.75245100328839e-05,0.00336684465765196
"ZNF605",-1.09229704775568,2.65486314844814,20.8426434284056,3.79795653131821e-05,0.0033908127717731
"STX1A",2.18819385480013,3.01967340791391,20.8357168299438,3.807366914991e-05,0.0033908127717731
"FOSB",2.52465457288943,6.58812714244529,20.8164485833374,3.83367317725465e-05,0.00340164225905038
"SLED1",2.25681828053356,4.57182757103318,20.7685650020221,3.89987471701826e-05,0.00341158069614324
"PNP",1.45419771211182,6.40792674709424,20.7673107692313,3.90162476686098e-05,0.00341158069614324
"LOC729737",1.6484724873902,4.88646170298654,20.6497168603548,4.06941553155626e-05,0.00352100176212646
"MAP1S",1.07961917272393,4.34776825515733,20.6488421645077,4.07069154899424e-05,0.00352100176212646
"PPP1R15B",1.0585111873576,7.12310355979176,20.6155784044435,4.11952949185164e-05,0.00352520306623005
"BIN3_IT1",1.53138650536054,2.1372041902242,20.5337979230109,4.24222734663159e-05,0.00356211757602795
"LINC01004",-1.0276675499605,3.93272977640234,20.5190858253829,4.26470363236534e-05,0.00356211757602795
"KIAA1958",1.20739812833872,3.27883576546851,20.4976048121174,4.29774535901565e-05,0.00357590259179551
"PARP12",1.02538840338189,6.08176763763314,20.4624389480323,4.35241696992947e-05,0.00359650235254034
"ZNF818P",-1.60814467230827,2.34668017801304,20.4117341756945,4.43253250429144e-05,0.00364794080962575
"PTPN13",-1.58426789695079,2.48743999734907,20.3495424773639,4.53291224908594e-05,0.00368237864667299
"ZNF737",-1.16142574248571,3.72539010203354,20.3110808981178,4.59617994183643e-05,0.00372120346402016
"EREG",1.98962540750515,2.18373490905044,20.2293357249065,4.73373939370906e-05,0.003806939714419
"SPI1",1.03939370546774,6.72924881578442,20.2092125833946,4.76825936844931e-05,0.00380922142105422
"FGG",5.40514786560935,1.88374727784359,20.0653188095354,5.0229149561006e-05,0.00398617204733977
"ZNF441",-1.28915406685822,2.63938962307839,20.0321417207618,5.083626647584e-05,0.00402108178841464
"CA1",2.07884231423587,8.72982614843281,20.0077335493712,5.12878240236016e-05,0.00404349841466074
"MIR22HG",1.56094211704639,4.61408276601607,19.9981568069054,5.14661423046663e-05,0.0040442969211046
"BTBD19",1.51249399037633,2.60677772043501,19.9700637158496,5.19929908838306e-05,0.00404729834228591
"PLEKHG2",1.17191840968497,4.50032187900563,19.966311050014,5.20637937636512e-05,0.00404729834228591
"CLIC2",1.17342912714782,4.40351544673366,19.9607394296377,5.21691018848816e-05,0.00404729834228591
"ISG15",2.69371690687286,7.83103965862766,19.943162361174,5.25027876150071e-05,0.00404729834228591
"KBTBD7",-1.276348615671,2.58294777150981,19.928698161427,5.27790551253843e-05,0.00404729834228591
"SCO2",1.69921704174403,1.7824333943774,19.9129811909521,5.30809779816643e-05,0.00404729834228591
"ZNF623",-1.05139498344102,3.08642934388134,19.9047799178681,5.32392422988346e-05,0.00404729834228591
"GIMAP1",-1.22625990075681,4.33527588854345,19.8947053337675,5.34343338148388e-05,0.00404729834228591
"SLC2A1",1.53081810719446,7.01115895611053,19.8846175035962,5.36304324374833e-05,0.00404729834228591
"HILPDA",3.26793888029764,2.28246343764683,19.8831661251888,5.36587079508772e-05,0.00404729834228591
"IRF2BP2",1.08727085920948,6.70149945503108,19.8440008964884,5.44276455541217e-05,0.00404729834228591
"JAG1",1.34321170588874,3.20643212879733,19.8390948348749,5.45247775963902e-05,0.00404729834228591
"LY6E",2.06266699218074,6.94612727726877,19.8370709375164,5.45649003708998e-05,0.00404729834228591
"TRG_AS1",-1.25329836782482,3.19883565848778,19.784326338702,5.56215180864502e-05,0.00409013768778832
"TBC1D7",1.01939697608393,2.22940676276253,19.7653723609973,5.60064349642934e-05,0.00409441202574337
"SLC7A5P1",1.59512738693719,2.17315713012531,19.7646974290048,5.60201928166667e-05,0.00409441202574337
"IFITM3",1.71186371052664,6.97237206923163,19.7129939243219,5.70847172616492e-05,0.00414700637847014
"UBE2L6",1.49804277889988,6.34557524271087,19.696291303709,5.74331200983679e-05,0.00415974941531734
"ZNF322",-1.51622485238876,1.49361209338686,19.5954464159846,5.95845445178532e-05,0.00430261248491381
"EID3",1.15367601342345,2.50924167169451,19.5819792449031,5.98781811401778e-05,0.00431087049010993
"PFKFB2",2.20042172238291,4.90076972380746,19.5589640895804,6.03835159436079e-05,0.00433427469964178
"ODF3B",1.186601159327,5.09093896773606,19.5446623500255,6.06997831028145e-05,0.00434350233829468
"ZNF17",-1.17482328693656,2.09408189480783,19.5347591512267,6.09197981001821e-05,0.00434350233829468
"LOC100130476",1.59909456856238,4.03130835273764,19.4433689648218,6.29900502421841e-05,0.00444817069525928
"TCTEX1D4",1.32373076388342,2.89877238800679,19.4394616779829,6.30801882676294e-05,0.00444817069525928
"ABCD2",-1.35487188154001,3.22754536449694,19.413808272288,6.36753588674644e-05,0.00445905364682875
"CHM",-1.07811322132421,2.97698054179395,19.4009334675149,6.39762749794527e-05,0.00445905364682875
"ATG2A",1.38068275174891,6.94694003518218,19.3695582763851,6.4715848255606e-05,0.00447319248897357
"G0S2",2.06675227280502,6.67473626296511,19.353455877335,6.50988861611402e-05,0.00447319248897357
"ACOX1",-1.26927415729424,5.39646241569256,19.3239925843168,6.58059110417108e-05,0.00447319248897357
"NFKBIB",1.07558045539878,4.06538807930881,19.3224615372828,6.58428704989087e-05,0.00447319248897357
"PGAP1",1.29298291206336,3.72185928972214,19.3220267488082,6.58533702527091e-05,0.00447319248897357
"LOC284454",1.34492898147997,4.52410806144018,19.2389849758284,6.78912835676032e-05,0.00458866115713025
"E2F1",1.35597791268151,2.51287930329958,19.2368472849023,6.79446085748623e-05,0.00458866115713025
"AMIGO1",-1.72533158695969,1.58746794950428,19.2121038674476,6.85650407001412e-05,0.00458866115713025
"DHX58",1.21210503176342,4.4514739895314,19.2113482890253,6.85840797065584e-05,0.00458866115713025
"FHDC1",1.61910871217614,3.70348059843143,19.1707241139825,6.96159248792732e-05,0.00463707625940998
"PLK2",2.06733193971518,1.87481840643907,19.1417958897893,7.03606038312856e-05,0.00467373226443948
"TIMP1",1.06051382134364,5.5307282738583,19.1223164687208,7.08667484082773e-05,0.00469438521274225
"MOSPD2",-1.44187687902011,3.76058243478605,19.0928842465554,7.16387522810677e-05,0.0047233937939179
"APOA2",1.61451054280743,1.91446888175859,18.9757303952014,7.48001360741544e-05,0.00490093752599214
"IFI44",1.76472273318054,6.55840771661633,18.9674349829713,7.50294597936709e-05,0.00490260432119188
"GPR34",-1.24593380429349,1.23657742091692,18.8805819255644,7.7475204342172e-05,0.00503505071246451
"SLC7A5",1.43702743912846,5.39663408565166,18.8678785780921,7.78398698412306e-05,0.00504243287299274
"LGALS9",1.12473896217968,5.57977508112467,18.797551330512,7.98915108352013e-05,0.005122856718782
"MAFF",1.68104509398567,4.10818276618277,18.7588285669683,8.1045281873526e-05,0.00514199168319474
"FCER1A",-2.45839510927705,2.19391858166515,18.7498154134649,8.13163320524921e-05,0.0051456118961427
"TRIM22",1.04101107732992,7.70397058507436,18.7423543850007,8.15414243210335e-05,0.00514631257014061
"RPA2",-1.0191234579499,4.11068179861127,18.6936090456499,8.3028188985436e-05,0.00521278285207257
"ZNF234",-1.57801276424378,2.2499913279375,18.6648777569587,8.39177964111265e-05,0.00525491492839049
"ANKRD33B",1.29233156579981,3.80538514340916,18.65002544293,8.43815805844229e-05,0.00526810288256014
"CMTR2",-1.02481076729696,3.28684276573292,18.6441252006171,8.45665687710312e-05,0.00526810288256014
"RNF213",1.20815252652104,10.5566619830033,18.5970566465841,8.6057600246288e-05,0.00534713451039339
"PVRL2",1.80850360194995,3.44604247839422,18.5179154392788,8.86270669013197e-05,0.00546442679669009
"CASZ1",1.0959082205568,3.64645734842133,18.4398129044755,9.12417514658993e-05,0.00559693662180871
"CCR3",-2.53047464753024,1.74135417562041,18.4260724366226,9.17100514348115e-05,0.00561134833791724
"LY75",-1.21995656407163,2.13810834430944,18.3881942637566,9.30141001069307e-05,0.00562595612891977
"ANKRD9",1.36849556303332,3.18981524207309,18.3869627645236,9.30568223110969e-05,0.00562595612891977
"LONRF3",1.205453733779,3.57694977800509,18.3739946378935,9.35079531487858e-05,0.00562595612891977
"ANKDD1A",1.30956506831435,3.86274058408953,18.3717416944584,9.35865612396203e-05,0.00562595612891977
"PRR7",1.01683994871282,2.17775196540427,18.3516874330361,9.42893403320323e-05,0.00565406852275324
"ALDH1A1",-1.38740291047072,2.8029032579768,18.3426353525334,9.46083703676922e-05,0.00565908675089932
"ZNF397",-1.06117572025562,3.1807995356069,18.2941679662089,9.63359030869871e-05,0.0057197361126659
"ZNF181",-1.54625245043565,1.91146801560361,18.2861892281765,9.66234458988672e-05,0.00572267827606936
"FAM157C",1.55294080965948,4.35276546103565,18.2697193078346,9.72198484177671e-05,0.00574385374706051
"WLS",-1.94702307988347,3.86103356722822,18.2406824323943,9.82807389091648e-05,0.00575912730504791
"LRRN3",-1.6497365962705,2.56026095442557,18.2390293011774,9.8341501617603e-05,0.00575912730504791
"DPEP2",-1.19907437603284,4.77878825056156,18.2364500016281,9.84363853603381e-05,0.00575912730504791
"SUCO",1.00623792501507,7.26332197561355,18.2048410879541,9.96069966731853e-05,0.00578538609179568
"PAQR8",-1.64157724198773,2.79433353366872,18.1917536527093,0.0001000959432279,0.00579977602616404
"TMEM154",-1.61905052332533,6.01520264474656,18.1171874558598,0.00010293016131929,0.00592119296431496
"HSPA5",1.24210199438025,7.20065243816775,18.0511906535233,0.000105508858049921,0.00604063333492476
"HOMEZ",-1.27946302437184,2.0208028516492,18.024933603427,0.00010655355430589,0.00607153262284228
"IFIT3",1.96825204697214,7.69835206586957,17.9898498863357,0.000107966393892895,0.00612301864987866
"LAP3",1.4031125658712,5.760701964083,17.9751637939081,0.000108563629301778,0.00612654943807489
"TUBB6",1.39543479743376,3.49480343872118,17.9623099473425,0.000109089195708626,0.00612654943807489
"ABALON",1.10063290319925,4.24205455140929,17.9576510783098,0.000109280344981094,0.00612654943807489
"BBS10",-1.45500748759364,2.0746383134441,17.9571098317636,0.000109302574604264,0.00612654943807489
"LINC00861",-1.45782579315734,5.28105558062969,17.9497548210697,0.000109605123803689,0.00612922048135701
"ETV7",2.12661780651515,2.58934521979202,17.9374106062234,0.000110114879491356,0.00613928646783878
"UBASH3A",-1.19684358917469,3.55032132059673,17.9268953037465,0.000110551070472186,0.00613928646783878
"RPP25L",-1.04506846605549,1.61915933228616,17.9130802220279,0.000111126896609092,0.00615125900300823
"HBEGF",1.78676189168709,3.0616320862133,17.8967542183776,0.000111811436666394,0.00615125900300823
"FAM212B",-1.31220572046912,4.70002112821392,17.891542026701,0.000112030910782377,0.00615125900300823
"CPEB4",1.09533425138901,7.36263026071046,17.8790834454882,0.000112557346807104,0.00615125900300823
"MAPK6",1.07044258494512,4.63950792165418,17.861126714806,0.000113320674086095,0.00616495232822224
"GBP1P1",2.40193218146268,0.970738439721674,17.7941361282973,0.0001162166295351,0.00627790232643292
"MPZL3",-1.3531713654284,4.36553124295349,17.7580789388762,0.000117807380795843,0.00629510284137077
"CD93",-1.0222366741258,6.38438898195429,17.6937849515086,0.000120700775789775,0.00636484836544062
"LOC100506801",1.16759891444395,3.05969437915094,17.6613103206696,0.000122190448955129,0.00641526536151752
"SPHK1",1.33452071774151,2.75200452556983,17.6507135869897,0.000122680702757287,0.00642697206645257
"CKAP4",1.12028008749192,5.68062758814991,17.58185949117,0.000125916868696895,0.0065307615393107
"IFIT1",1.83417195508039,6.45522845499294,17.5796989516186,0.000126019851710894,0.0065307615393107
"KLHL15",1.09218373561704,4.35190215481203,17.510389904706,0.000129370797824302,0.00669000043974875
"RASGEF1B",1.26401352822462,4.47156511532854,17.5018375374904,0.00012979071645356,0.006697312377344
"DYSF",1.34835156863097,8.0124426389338,17.3703581729442,0.000136429339005646,0.00693568686200796
"NUDT4",1.25383010693711,6.51411838561789,17.2877035945762,0.000140784203960313,0.00706742582135635
"ARFIP1",-1.18496356005624,3.56584663108481,17.2765201705279,0.000141384533193462,0.00708277601077081
"PPIF",1.07664629483024,5.17338900968354,17.2623685230558,0.000142148047872779,0.00710622028929075
"LOC100294362",1.09944965781462,4.13801872814428,17.2471740061644,0.000142972643623219,0.0071326144990953
"IFNG_AS1",-1.62064570005001,1.98346841040929,17.1350530843376,0.000149214619848626,0.00739663551951713
"CARD8_AS1",-1.46150581748276,2.35106292857442,17.1301269549184,0.00014949533654185,0.00739663551951713
"CCR2",-1.53748703790705,4.70184966582456,17.1187512281384,0.000150145703595204,0.00741069735370122
"KRCC1",-1.02785442237687,3.18512227232702,17.037403300623,0.000154883839721302,0.00753549979066391
"TUBB4B",1.08702028550638,6.13052088834851,17.031950041528,0.000155207024277724,0.00753549979066391
"IFIT5",1.01238026613726,5.11316797936752,16.9916658557682,0.000157616466567644,0.00759528167351817
"CFAP126",-1.29731000497708,1.47445596522907,16.9793177541963,0.000158362851377714,0.00761598624845702
"BHLHE40",1.29614673748102,6.30159730018469,16.9133728155819,0.0001624121686336,0.00774873612492765
"TLR8",-1.64234709509383,5.23333541913275,16.8772786956322,0.000164674363778814,0.00780429565116151
"PDE1B",1.25938816653539,3.31619176154573,16.8613639531794,0.000165682295179835,0.00780429565116151
"ZNF354C",-1.22536087816871,1.59342396075576,16.8577233996617,0.000165913771213615,0.00780429565116151
"TMEM204",-1.53086034216394,2.75310945894134,16.8533390583381,0.000166192989583281,0.00780429565116151
"BAIAP2_AS1",-1.02106436587705,2.51603283354704,16.840249577024,0.000167029534209653,0.00780429565116151
"LOC643802",-1.92471360661922,2.61816306157992,16.8344875352283,0.000167399183507068,0.00780429565116151
"ZNF786",-1.30410799297247,2.22348956846524,16.8333638645154,0.000167471369708032,0.00780429565116151
"IL7R",-1.37072674225109,7.66663517540829,16.8146547107488,0.000168678082043542,0.00783610003609447
"PTGDR2",-2.00991739272617,1.17927114856826,16.7476639499348,0.000173074220253037,0.00799819528584016
"TFRC",1.15250635994849,8.09672939748977,16.7411371886652,0.000173508904800769,0.00799819528584016
"UBXN2B",-1.18151642073788,4.66057842102019,16.6992965702047,0.000176322846525532,0.00810680529168821
"OAS1",1.49716724755874,5.6648427195091,16.6795468944627,0.000177667680779128,0.00815304780918875
"LINC01506",-2.190553878429,1.66296469731997,16.6373295938325,0.000180578637812347,0.00823102859050354
"PIGX",-1.09394162128222,2.81943507935717,16.6162312250621,0.00018205211669154,0.00823102859050354
"TIGD7",-1.32287638408911,1.77088472600129,16.6156222688927,0.000182094832100795,0.00823102859050354
"SNX9",1.19686449836409,5.15823278485369,16.5848729738695,0.00018426547865098,0.00824018966600566
"ZNF225",-1.53661760426821,1.38872079522498,16.5834832539561,0.000184364220257467,0.00824018966600566
"SETD6",-1.02077785896603,2.07903122966627,16.5451024891165,0.000187113280552181,0.00831668381544871
"TLR6",-1.52888080145233,5.02055263118647,16.5207264803724,0.000188881537537317,0.00834898060959984
"NIFK_AS1",-1.05112766704996,1.36423944252946,16.5101087745021,0.000189657228232057,0.00836788570654689
"MME",-2.59057319379962,5.75613497119796,16.4351573971129,0.000195228857373845,0.00851702643193293
"CEP295NL",1.39412807700162,4.36045041629384,16.3671324837451,0.000200434318847948,0.00867636044298455
"IL13RA1",-1.33105514739745,4.90201440428797,16.2781725177796,0.000207462482928437,0.0088903414662111
"FAM46A",1.10090916173772,5.48918870575027,16.2593439419345,0.00020898289078085,0.0088903414662111
"HACD1",1.0353101554459,2.26522587783244,16.2417044751491,0.000210417887144418,0.00890793752513148
"SMPDL3A",1.69447891366791,2.54756319523357,16.2340895897129,0.000211040560736849,0.00891859635057692
"ZBTB10",1.17838726149973,4.97657343945254,16.2239740851467,0.000211870702928849,0.00892231685223659
"RALGPS2",-1.02494672295436,4.76039906952,16.1952256350534,0.000214248741888615,0.00900668749554833
"TRIB1",1.28474572453303,5.93290781445594,16.1716522783695,0.000216219597336844,0.0090734617314613
"LINC01184",-1.1407999225199,1.79696561466778,16.137992678179,0.000219066752132243,0.00914527625307624
"KLRB1",-1.29045089365541,4.10629920106166,16.127191802548,0.000219988678086969,0.00916364207446367
"ZNF235",-1.20144205601766,1.98631300460155,16.0935060473439,0.000222890219574915,0.00922481621325028
"DDIT4",1.85301216813332,6.4767037004008,16.0885478667553,0.000223320674005967,0.00922675073393039
"BMF",1.08279927110057,4.78255023064596,16.0461796853706,0.000227034722925051,0.00933976507596954
"CISD2",1.07247860541186,5.39402621352776,16.016692344858,0.000229657836281657,0.00938786606117251
"ABCA1",1.25701390151547,6.83119515530733,16.0023776280224,0.000230942683251295,0.00941228434145871
"PIGA",1.2942332441494,3.98606746249682,15.9771054171262,0.000233229491417385,0.0094754220292328
"RGL1",1.66223727870205,3.10462030439108,15.9765506455534,0.000233279956803868,0.0094754220292328
"IFITM10",1.86624449426669,2.36174628361098,15.9448082303949,0.000236186610328524,0.00954511467556248
"OTOF",3.02211694986615,5.01061765897278,15.929356602387,0.000237615246141819,0.00958673860524528
"FGB",4.59470143057873,2.3147756636635,15.7955719861931,0.000250370605565381,0.0100020784820645
"C7orf25",-1.131857819251,1.75029715803995,15.7949674690993,0.0002504298457295,0.0100020784820645
"TMOD2",-1.01029224105158,4.2299800723926,15.7778025638118,0.000252118089032284,0.0100020784820645
"AGFG2",-1.0922963702809,2.82221265375936,15.7698807259702,0.000252901260795776,0.0100020784820645
"LOC100996286",-1.50207790868148,1.03109710398673,15.7150491280282,0.000258392528523923,0.0101857487555512
"CPA3",-2.84688632687628,0.303956397096213,15.6993374239321,0.000259988984159781,0.0101934911183641
"ZNF594",-1.48450140113575,2.42987129562399,15.6973518656354,0.000260191470991793,0.0101934911183641
"XAF1",1.29094680812113,7.00020438945209,15.6964391772526,0.000260284602290426,0.0101934911183641
"ZMYM6NB",-1.12855018261875,1.95197439769853,15.6679765022248,0.000263206580815767,0.010274456886844
"MT2A",1.56671934425336,5.77792506217593,15.6588518477103,0.000264150589689791,0.0102941762465047
"MED11",-1.13481837510171,2.29644714161268,15.6548286105608,0.000264567949777089,0.0102941762465047
"EOMES",-1.27796800957466,3.41045758198656,15.5270517964711,0.000278189790396569,0.0106180185712316
"ID2",1.08777233505694,5.69841049542973,15.5139012274935,0.000279632922636786,0.01063932477488
"FAM20C",1.20684910276224,2.58166493280818,15.4848539922285,0.000282848462091045,0.0107384732341592
"LINC01347",1.26211463701828,3.54633407479448,15.4503501138373,0.000286718559253851,0.0108047710986715
"PSMB8_AS1",-1.14239891832414,3.25054958849667,15.4351167886067,0.000288444842616836,0.0108300917642287
"ZNF559",-1.3048373734866,2.70120589860763,15.4179387326797,0.00029040460501454,0.0108770547230212
"OAS2",1.33837860828688,6.64540882498971,15.3911129508208,0.000293493036728236,0.01094437789564
"JMJD4",-1.40284967817945,1.13397191592891,15.3865427533768,0.000294022628320029,0.01094437789564
"ST3GAL6",-1.21407669055154,2.6370443200875,15.3255689183457,0.000301185011691574,0.0111390661368807
"RHAG",1.134375797235,4.1351646435138,15.2601494768487,0.000309073672564501,0.0113159280310688
"TIGD5",-1.31711628402327,0.646647092080032,15.2264243709735,0.000313224902551672,0.0113945627938843
"ZNF320",-1.02149156876237,2.37268343903044,15.1977235602935,0.000316803794304355,0.0114861385278008
"IL27",1.5106739534462,1.41454085169866,15.1947642277991,0.000317175246712955,0.0114861385278008
"KLF6",1.08441120587178,8.33575800155898,15.185279624559,0.000318368828849963,0.0115120253511672
"ZNF813",-1.03990008024245,1.89129497835934,15.1426608702432,0.000323790648880173,0.0116380716636362
"LRTOMT",-1.05583094336699,2.4914076384871,15.1188421871479,0.000326862935212135,0.0117134815798972
"LOC100288069",1.28533934614101,4.00115725236316,15.1144163396737,0.000327437173531486,0.0117165986231222
"GCSAM",-1.34143626420977,2.25565517517318,15.0862998005177,0.000331110023600527,0.0118025661326885
"RFESD",1.00166122835433,1.38796892631748,14.9829481380183,0.000344986883792898,0.0120665566389528
"ZKSCAN4",-1.03116063779454,2.18918971507851,14.9780164316765,0.000345664133759928,0.0120665566389528
"SULT1B1",-1.66041632802981,3.0846705838103,14.9756722348636,0.000345986541580196,0.0120665566389528
"CD151",1.0274162671095,4.30338496925514,14.9664384336426,0.000347259582224563,0.012066768662098
"LOC644285",-1.16486045468367,2.70560810234271,14.9274846563622,0.000352684428850364,0.0122017500358997
"JUNB",1.11358820211108,8.38807239710131,14.9083539666445,0.000355381154600227,0.0122017500358997
"EVI2A",-1.19705323831511,5.36796299432221,14.9034283730383,0.000356078981986312,0.0122017500358997
"IPMK",-1.20972880829298,4.17198718759253,14.8546004249412,0.000363074965273909,0.0123312155578763
"ID1",2.28194496130214,2.36688589320272,14.8164597009593,0.000368640055131228,0.0124277403683926
"HMBS",1.06796338797479,4.41922026907038,14.7924392021348,0.000372190784610645,0.0124647626834924
"TBPL1",1.04087459259331,4.96623275036752,14.7598038346868,0.000377072621357918,0.0125508355186799
"AGFG1",1.0614312299764,6.73131392499625,14.7537669990051,0.000377983001653622,0.0125508355186799
"HCG11",-1.03287997728956,2.36237551201738,14.7371161976418,0.000380505996948457,0.0125966782742998
"SIGLEC1",2.34736075084493,6.97136927110946,14.7348915091617,0.000380844427572817,0.0125966782742998
"MGLL",1.27295490606409,4.021176092128,14.7131405137972,0.000384170000382106,0.0126892195455881
"PLIN4",1.5589377442596,4.31811282810746,14.6435533201908,0.0003950157977108,0.0129231971044271
"STAT2",1.01573690371953,7.11194155697524,14.5892207236731,0.000403707416274694,0.0131371446548874
"TNNT3",1.57832506984672,2.72154995944419,14.5822254727739,0.000404840960876651,0.0131371446548874
"HIST3H2A",1.09343209151341,2.24831277493786,14.5810118247079,0.000405037966410841,0.0131371446548874
"C19orf35",1.04659024021052,3.95837782683614,14.5789077794012,0.000405379744403496,0.0131371446548874
"TCN2",1.6467278948923,3.16246666913918,14.5182079208797,0.000415371304175109,0.0133529657489233
"OSBPL10",-1.18857705228486,2.61921751931335,14.482176901946,0.000421424277313506,0.0135114242297074
"SCARF1",1.11707040112083,4.45076927377195,14.4036360535107,0.000434942005124773,0.0138158724639766
"SAT1",1.11610947485688,8.21429861075662,14.3982216929027,0.000435890502641786,0.0138277348634886
"SPAG5",1.17400710606621,2.82346182225943,14.3943963744952,0.000436561938587208,0.0138307883732121
"CSRP2BP",-1.13317614014334,2.40953002208935,14.3822760324494,0.00043869653622118,0.0138618881865631
"F2RL1",-1.62634146922135,2.64707203357545,14.3770237229558,0.000439624959498589,0.0138729944568282
"HBZ",3.2128874783238,1.96132304575295,14.351998690303,0.000444076935711358,0.0139585280994971
"LTA4H",-1.01377719307546,5.76041112671191,14.3431133454599,0.000445669018802426,0.0139902835850172
"NEDD4L",1.02242725937661,4.80320598483553,14.3000436283566,0.000453471710312002,0.0141429062855544
"VPS9D1",1.01250867422046,3.61792672025453,14.2878122157398,0.000455713673904358,0.0141564892619925
"ARG1",1.37708439711425,3.927983709307,14.2848296442892,0.000456262130002668,0.0141564892619925
"SNHG15",1.14660722994635,3.44033455534953,14.2759565173363,0.000457897886764359,0.0141574027156851
"IL24",-1.23501963878316,1.96048172016024,14.2452717282783,0.000463602268921648,0.0142554733484526
"ICAM3",-1.03436942862931,6.91845248540745,14.2419284274348,0.000464228292313291,0.0142564923588319
"GABARAPL1",1.09965533058907,6.00562281039258,14.2144933079618,0.00046939910843424,0.0143260423676397
"RRM2B",-1.02659675073778,3.80312550475291,14.1955725422434,0.000473000419061058,0.0143496541045631
"ST8SIA4",-1.17864976317677,5.71070842463416,14.180029215173,0.000475980596771935,0.0143786801884145
"MMP9",2.16641236466726,5.71087872003083,14.1516599348437,0.000481470917574538,0.014489924510635
"RGS2",-1.90978678083111,7.80249973467213,14.1457976411871,0.000482613722816243,0.0145061619735492
"DDX60",1.06892087697976,5.92894188446076,14.1121017348572,0.000489237966322596,0.0145703459015388
"BTLA",-1.16162800491175,3.4156303953329,14.1120482820377,0.00048924855012473,0.0145703459015388
"ISPD",1.17325195143864,5.29737839846601,14.1010598112894,0.000491429413371857,0.01458877984437
"IDI2_AS1",1.33586222554259,2.65024869502081,14.0742446998057,0.000496794351640849,0.0147298606406361
"ZNF749",-1.18656939611592,1.14867591773848,14.0252309441767,0.000506760271871418,0.0149332812468384
"ADM",1.76163656281827,5.27094852309267,13.9869211219079,0.000514695954484318,0.015094936558631
"CD27",-1.11854740258517,2.79063991718564,13.9678521158623,0.000518694576801918,0.0151365652837123
"FZD5",1.10979264487796,2.74869097265785,13.9595525922088,0.000520445105911269,0.0151692400202938
"TMEM56",1.05072916915499,4.8820552931893,13.9518483158493,0.00052207564268773,0.0151983424988731
"GIMAP6",-1.11864682570624,5.62671697843009,13.9447612553219,0.00052358029226422,0.0152237142778542
"ELAC1",-1.17485534821513,1.04300352844815,13.9355376110619,0.000525545386732328,0.0152439859702842
"MDK",1.69872399445862,0.788504945935871,13.9109269459838,0.000530826705401811,0.0153601190831431
"GIMAP4",-1.35219679066936,6.26615950362615,13.8923673307634,0.00053484637620477,0.0154462448830908
"JUP",1.42289330546635,4.30164487990033,13.8516439213293,0.00054377883168986,0.015640796395711
"CCR6",-1.06417180405538,2.72093927784266,13.8437557018599,0.000545527120914032,0.0156536877704387
"MYCL",-1.19395953795758,2.67396802030812,13.8437472344884,0.000545529000733079,0.0156536877704387
"CHD1",1.00856789547308,7.37607728520138,13.8406204150412,0.00054622364340129,0.0156549388906167
"PNPLA2",1.13100501073101,6.08633677074672,13.7856283262147,0.000558593619905274,0.0158302523386142
"LMAN2L",-1.16282703590303,1.79144234456133,13.7468492322232,0.000567493413842866,0.0159828239462691
"MAP2K3",1.23483364243939,8.42133765829401,13.7432178093086,0.000568334421962004,0.0159828239462691
"KIAA1551",-1.25897893215673,8.14615603282118,13.7338981867387,0.00057049877143485,0.0159828239462691
"GNRH1",-1.27376433340746,1.62797795700183,13.7328764773055,0.000570736575255804,0.0159828239462691
"PI4K2A",1.06898085513374,4.64316708254123,13.7319273806348,0.000570957571731063,0.0159828239462691
"CBY1",-1.18609308096737,1.21416675322983,13.7195561033065,0.000573846455942471,0.0160108279416323
"ZNF860",-1.91473132482601,1.14148301603498,13.7096059130503,0.00057618112528733,0.0160380081067356
"ZNF347",-1.23436486934319,2.22304363919072,13.7035890822611,0.000577597730201822,0.0160380081067356
"CFL2",1.15873141573827,2.81711541259298,13.6674320236376,0.000586188019869862,0.0161826303044467
"SKIL",1.00564849065508,5.28789110847105,13.6339406117189,0.000594264843106264,0.0162857871458028
"JRKL",-1.04295325233133,1.99083068890887,13.629642393553,0.00059530984419454,0.0162857871458028
"H1FX",1.04815414072256,4.8562267766324,13.6270441366316,0.000595942480049178,0.0162857871458028
"NARF",1.00573692197517,5.21054578667642,13.6051794504496,0.000601294275078949,0.0163931090006218
"ADORA2A",1.65264359358993,1.67847585379818,13.5918494537859,0.000604581811793028,0.0164462227603264
"FLVCR2",1.16761193218012,3.70333337525589,13.5858078957133,0.000606078040177179,0.0164462227603264
"UBTD2",-1.02241127935301,1.49227947555481,13.58259446303,0.000606875451482717,0.0164462227603264
"BATF2",1.94335752511804,1.68436516499996,13.5710944816938,0.000609738212120052,0.0164681020516795
"MBLAC2",-1.1406090476417,1.27267355209319,13.5650939792443,0.000611237586484129,0.0164690067691117
"MRVI1_AS1",-2.18284994222007,0.923200990089208,13.4669117316537,0.00063632919883071,0.0169448193965485
"CYP2U1",-1.04893579614598,1.56446213571057,13.3865207943229,0.000657679837629302,0.0173215436753934
"SH3D21",1.4640439835038,2.37453799504161,13.3806979182653,0.000659255278991975,0.0173440398672221
"MIR600HG",-1.2260706501329,2.64675250134975,13.3176765007622,0.000676562503835048,0.0177027403022658
"HGH1",-1.05599748255968,1.58839136827455,13.3009376785487,0.000681239232122409,0.0177668965028367
"RIN2",1.08444974076161,4.25542119024007,13.2855503271118,0.000685568357056931,0.0178218126635578
"CCIN",1.70555653921141,1.3829632168105,13.2607383019069,0.000692610084079116,0.017888831451951
"N6AMT1",-1.34511655869739,1.11566075988103,13.243268816041,0.00069761357284379,0.0179228417709588
"BTG3",1.35625014750256,2.9021741029738,13.2401124140491,0.000698521654238467,0.0179259890051421
"CLC",-2.38314312330259,2.075178961752,13.2242907329371,0.00070309224165962,0.0179728370814659
"C17orf107",1.37658961042302,2.2779456485423,13.2034121781725,0.000709171848411913,0.0180643498590179
"POLR1D",1.04190842884071,6.55790012397772,13.1803774395538,0.000715943499547803,0.0181969828096728
"PI3",-2.53235473882758,1.30207464563654,13.1425812023275,0.000727202391702487,0.018445473323711
"TPX2",1.01556536165002,3.59647114175483,13.1370425780074,0.000728867836113691,0.0184682360244361
"TSPAN2",-1.31441514104173,3.18359589281985,13.11473026463,0.000735617803679309,0.0186196481129186
"TLR10",-1.39150201931252,2.86473615376184,13.0947622210381,0.000741714325090586,0.0187345196020255
"LINC01355",-1.91220065829311,1.50126586543898,13.0863611563951,0.000744295146109994,0.0187799801504312
"GLIPR1",-1.08831547419153,5.30768727210044,13.0754969350756,0.000747646663953732,0.0188447711545403
"CMTM2",-2.03426736958326,3.08122557612365,13.0604761804596,0.0007523066002213,0.0189225570177002
"CAMKK1",1.09343722904202,3.66422914565369,13.0390148327466,0.000759017690758977,0.0190069811876941
"TIPARP",1.07463647111061,5.57938017002957,13.0287863328562,0.000762238330479162,0.0190527888718315
"VNN2",-1.90413197744409,6.63616388750682,13.0167466632546,0.000766047676058489,0.0190919062003077
"SPTA1",1.07568126981177,6.30119416815071,13.0163131673383,0.000766185206824292,0.0190919062003077
"EGLN1",-1.12671539490178,5.4565708060703,13.0097574623782,0.000768268236395541,0.0191239938016223
"KCNK5",2.17408012902755,1.50342778743079,13.0050175082208,0.000769778033340761,0.0191417606925666
"SHISA5",1.00909404798778,7.41225246550727,12.9912278971273,0.000774188149221904,0.0192116906462228
"KLF10",1.32785309121557,5.76206265538013,12.9863007844578,0.000775770347580762,0.0192311069875536
"LINC00282",-1.51046037199922,2.68960656789213,12.9677565314615,0.000781755847320206,0.0193311388526476
"CTNNAL1",1.22287022702921,4.41520644771386,12.9560357768485,0.000785563972691757,0.0193552402749182
"GRB10",1.16165967198959,3.18192679961435,12.9312093929012,0.000793694753675003,0.019494570017231
"TSPO2",1.13643957863236,2.03048001652562,12.8886992383862,0.000807823284328685,0.0196608488815461
"NME4",1.37119874690526,4.65093008938588,12.8543246040742,0.000819441303790889,0.0198695634446641
"GPR35",1.04243592418049,2.97503327502571,12.8272925130106,0.000828701081037583,0.0200069740909937
"IFITM1",1.17625214138917,7.66649450463762,12.7990955357592,0.000838477263497202,0.0201418823956581
"HEXIM1",1.0312788667854,6.28476874901311,12.761703182947,0.00085162907623706,0.0203561359514874
"MIR3671",-2.10855513499891,-0.15128824442548,12.755876003817,0.000853698104886409,0.0203646640191333
"MINPP1",1.0278028254169,5.46824989773679,12.7394067506121,0.000859574407398338,0.0204646794062381
"LINC01349",-4.12100138729213,-1.73975619479751,14.1188039690197,0.000861401578722033,0.0204878955113254
"ZNF30",-1.55840623936742,1.06780648852972,12.700977065416,0.000873452402680015,0.0206195457483602
"RTN1",-1.00939926673044,3.06893107616157,12.7002431297103,0.000873719729228711,0.0206195457483602
"CD177",3.321232718871,5.13935999753633,12.7000316623947,0.000873796769424398,0.0206195457483602
"GVINP1",-1.0967937124127,6.12074989938757,12.6738912580606,0.000883375311055027,0.0207481052492217
"MICALCL",1.0021014614789,4.01768842553975,12.6675642325971,0.000885710265555059,0.0207783307761336
"GRAMD1C",-1.92996835471416,1.52807531802827,12.6615615790178,0.000887931515391123,0.0208101376404434
"CA2",1.12115640635936,5.85641146689675,12.6237215300779,0.000902069630179018,0.0210277853841603
"TNFAIP3",1.71657917779334,8.40715743637985,12.5815059407792,0.000918122510121455,0.021265519952068
"MYADM",1.05932781376452,7.32323711766291,12.5744428297598,0.000920837545281753,0.0212908265517741
"GYPA",1.07915445918265,6.31808732762681,12.5470767062015,0.000931437025278321,0.0214328561816675
"CLEC12A",-1.17611972391941,5.45803250921604,12.5391047219603,0.000934548832144273,0.021471637970333
"ZNF891",-1.08366252763501,1.29529545212943,12.5359041225565,0.000935801238996466,0.021471637970333
"CPPED1",-1.25029897723674,6.506635264745,12.5233330297362,0.000940737472710823,0.0215232856981964
"ADGRE3",-1.89117468439761,4.33601221390122,12.5205567401224,0.000941831314737879,0.0215278287016987
"BPGM",1.1234219303954,8.1503657835514,12.4596921589181,0.000966150949903552,0.0218551888441964
"MMP8",2.96814322220278,3.80888160086705,12.4040448513674,0.00098896452258924,0.0222665177061619
"RRAD",2.4575451886748,0.579957004837134,12.3967575959077,0.000991993776336065,0.0222929741549318
"SEMA3B",1.53333455698205,1.93299955202831,12.3709850437118,0.0010027857952608,0.0223913285406345
"AHR",1.15869767022346,6.66501298605858,12.3607291019796,0.00100711468210886,0.0224232218944349
"CCDC142",-1.12916597137706,3.10985746690562,12.3532287913388,0.00101029290446268,0.0224316742204151
"RAD51AP1",1.23609896529008,1.14859335783201,12.3322902043872,0.00101922152889165,0.022513288891043
"KCNK7",1.0508573918826,1.86937951090029,12.3287056628145,0.00102075835483174,0.022513288891043
"RRM2",1.22312391678751,2.83889380082437,12.3270738182727,0.00102145879481527,0.022513288891043
"FFAR3",2.18544906941135,0.44832801966507,12.3063810366392,0.00103038480981722,0.0225881720971429
"ZFP3",-1.0917326532925,2.05848316598555,12.2981396777223,0.00103396261848527,0.0226435930091956
"MIR181A2",-2.78877772188354,-1.46646818146619,12.248919300114,0.0010556046238263,0.0229711029724229
"CDC42BPG",1.43155034240845,3.35083844057381,12.2270693783209,0.00106536427619425,0.0231276430755132
"THEM6",-1.14346927929185,1.70265476533352,12.1553118335411,0.00109808976568368,0.0235833099452936
"MIR223",-1.37694677771949,2.23706104640233,12.1520638390151,0.0010995958402927,0.0235833099452936
"CD200R1",-1.17463774811633,2.03609873348414,12.1315797388507,0.00110914442826355,0.0236695227900496
"AHSP",1.16248943848088,5.72298949272915,12.0952746825157,0.00112628297582759,0.0239245586897087
"DOCK4",1.17657378764283,4.39735338461857,12.0914496711942,0.00112810481586501,0.023933337685987
"LCMT2",-1.28971065149968,1.31649616050862,12.0780671891047,0.00113450330101032,0.0239991288414244
"ZKSCAN3",-1.17475674246611,1.85481401276157,12.0774376449675,0.00113480524049374,0.0239991288414244
"KLF9",1.2459142127098,5.92953794904968,12.052562816101,0.00114680357800883,0.0241049290531471
"MLANA",-1.12175497673173,1.27269321927574,12.0464319223701,0.00114978127268941,0.0241400518628361
"HLA_DOA",-1.12150075309651,3.37070347368461,12.0095079214771,0.00116788777041926,0.0244200255021752
"LOC101928731",-1.0965284730116,1.31534624739459,12.0066563837735,0.00116929851600438,0.0244282815949968
"MXI1",1.05869328301554,8.99035751414885,11.9630180535986,0.00119111304888195,0.0247549735293133
"ARL11",-1.0525364491737,3.43464259326929,11.9451518416663,0.00120016751346018,0.0248183000134218
"VSIG4",-1.39006374951301,1.78628200528179,11.8852455677792,0.00123106020658713,0.0251536087443848
"ADCY3",1.19335193623127,3.48261020114839,11.85726331949,0.00124577605643842,0.0253006174435121
"SLC2A3",1.45328020832574,8.08940615150325,11.8244884608157,0.00126324821727203,0.0255532261966744
"CD69",1.4892331922926,5.86324682329209,11.8224693691835,0.00126433299193886,0.0255532261966744
"HBA1",-2.97090099568307,7.14092787850009,11.8186288175307,0.00126639907045906,0.0255532261966744
"LINC01550",-1.35160661332633,1.34948552359029,11.813542298351,0.00126914090911039,0.0255532261966744
"TYMP",1.03106329379895,7.80792278479984,11.7949266359536,0.00127922892762602,0.0255986073050829
"HSD17B11",-1.01455877770799,5.12008598047318,11.7942246399915,0.00127961099478956,0.0255986073050829
"LOC101927066",-1.79606052744851,0.81289446215637,11.7903231503563,0.00128173660419587,0.0256198157809591
"SAMSN1",1.14704929717986,5.00361406516529,11.7609180083576,0.00129787723492887,0.0257497986725244
"ADGRG3",1.28499321576339,5.72985146587342,11.7524292166731,0.00130257648945912,0.0258217265173405
"ANK1",1.05245787416045,8.13284295278111,11.7499816915279,0.0013039347245397,0.0258273594615171
"MROH6",1.23063228996508,2.40770195069922,11.7386275245255,0.00131025517004051,0.0259098649825608
"KCNE1",1.31955440980364,1.68915696552341,11.7247414610866,0.0013180289196769,0.025973169677367
"HBD",1.53070579932453,1.32644238596314,11.7076878689128,0.00132764244370809,0.0261034261663163
"C5",1.12861859394986,3.80773164895928,11.6943053744103,0.00133523818859745,0.0261458774291647
"PTGES",2.01333268963778,1.3065534393343,11.6574033355394,0.00135642143113302,0.026385935215476
"LOC100272216",1.40612094154314,3.54494885323792,11.6256918153312,0.00137490791881082,0.0265763953502612
"FAM129C",-1.07661258678505,3.85495929573776,11.6071050534361,0.00138586641907925,0.0266809799144753
"HRG",3.88075766652581,1.09303444441713,11.5652160483548,0.00141090233227766,0.0268831675768215
"IGSF6",-1.25686760720885,4.88896045966292,11.508871867908,0.00144533161155518,0.0272797833056954
"HMOX1",1.04816549559201,4.79854254101489,11.5001899766737,0.0014507149149302,0.0273545741162154
"ZNF439",-1.28820946161013,1.74711856114129,11.4744340625907,0.00146680980858004,0.0275053418509517
"AMICA1",-1.27508121864342,6.75173934859279,11.4734358421847,0.00146743737176524,0.0275053418509517
"UGT2B7",3.92331981431454,0.836442256845128,11.4663552925573,0.0014718969134413,0.02751906581097
"MNDA",-1.71541457938785,7.6361667238587,11.4603344725761,0.00147570023880295,0.0275288502267305
"IFI44L",1.76807575663637,7.60159330517382,11.4573263560853,0.00147760433032746,0.0275351452836778
"LTK",-1.2654322891003,2.33807263860084,11.4502288447754,0.00148210721230802,0.0275371340698309
"WARS",1.11466121312895,6.76620007371254,11.4483611984991,0.00148329450638896,0.0275371340698309
"EPCAM",1.02891448742657,1.74182605108647,11.4469998048626,0.00148416059862351,0.0275371340698309
"IL6R",-1.01547010594917,6.58209166222562,11.3995262314498,0.00151469807878654,0.0277559415646521
"FGL1",3.99715660899335,0.570474681643141,11.3914856897901,0.00151993539743536,0.0277934346515063
"GCNT4",-1.07306159731751,2.08847650025104,11.3652216683419,0.00153717620401213,0.0280447185141698
"CLEC17A",-1.27388733156575,2.4027549735068,11.3335988283483,0.00155820859721063,0.0282765135208627
"ZNF846",-1.05492986278493,1.69399067684908,11.325810588625,0.00156343496363217,0.028330336952147
"TUFT1",1.04872996305172,2.22081495056258,11.3237696742805,0.00156480758946848,0.0283338579038848
"ZDHHC19",3.08189038283058,1.57269046612057,11.3200791551174,0.00156729288963682,0.0283575055110663
"B3GNT5",1.26481105720817,3.76620739778753,11.2856618581448,0.00159067175562568,0.028629710356119
"C9orf84",-1.79732939675965,3.50995990943371,11.2818060162748,0.00159331373885373,0.0286558131372302
"AFF2",-1.59267982006656,3.3289732954934,11.2632322305473,0.00160610525524315,0.0287997069109446
"KCNRG",-1.26693538201307,1.61156443151649,11.2354401572954,0.0016254477949596,0.0291002803849909
"TMEM71",-1.026239466344,5.22167971756716,11.2179069582478,0.00163777660416989,0.029215115893078
"ESRG",2.07162045714374,1.87554625129661,11.2060642615149,0.00164615976558252,0.0292561402240926
"TMEM186",-1.22114029185851,0.810040834685282,11.1888767857031,0.00165840690801589,0.0294085932965709
"PNPLA4",-1.24037068205382,0.641869019161445,11.1699145800897,0.00167203015514201,0.0295289694937133
"MED18",-1.05001711762057,1.96477412630576,11.1605549877835,0.00167879791302715,0.0295955825635271
"MIR3175",1.08890623500864,1.519635117561,11.1440079705567,0.00169083351546314,0.0297206013982651
"MIR3909",1.65354697957932,0.469622327676497,11.1280526364165,0.0017025249079951,0.0297954249910117
"ZNF287",-1.2992359349675,1.31282870883412,11.1155342865988,0.00171175747001528,0.0298736836370171
"LOC102724190",-1.9819136186765,0.99721748758465,11.1146965325724,0.00171237721342902,0.0298736836370171
"CARD17",1.81003831706991,0.303428285813672,11.1048180811815,0.00171970283691845,0.0299435006636793
"H1F0",1.13852142703462,5.96982294777781,11.0891610000144,0.0017313815077885,0.0301032536054102
"TNFRSF12A",1.27186406196778,2.13470101343278,11.0730338542676,0.00174349824849248,0.0302765041621025
"GGACT",-1.26067536741128,0.895025496970272,11.069740941183,0.00174598327006345,0.0302914240345928
"MSR1",1.51263073771571,3.18760223626754,11.066415406737,0.00174849669938497,0.0303131590723944
"ZNF416",-1.23231514224122,1.30356931654914,11.050063876858,0.00176091074380735,0.0305063831020112
"BCL6",1.22553068814568,7.22822569819005,11.0429793430337,0.00176631812345552,0.0305560328033176
"TRAF4",1.04276695664748,3.08330429792969,11.0248590644891,0.00178022850587957,0.0306855903900803
"TLR4",-1.27340565079368,6.32754667815803,11.0232568330826,0.001781464034956,0.0306855903900803
"DUSP10",1.2151153540204,4.07824052235092,10.9843036045896,0.00181178188813237,0.0310521078275346
"KRTAP23_1",-3.1536002418421,-2.01349310319828,11.9720979006519,0.00185036476183673,0.0315316832106194
"ARHGAP26_IT1",-1.11308680613749,1.38875521885961,10.9311174081209,0.00185405874836696,0.0315316832106194
"MIR3976",2.87843394957702,-1.99704539431724,11.7414352957999,0.00185418780919137,0.0315316832106194
"FRAT2",-1.21033362898459,5.73495856228037,10.911748322082,0.00186971222007991,0.0317059943893099
"FOSL1",1.64172036255106,1.92765360273124,10.8725242922456,0.00190184022629063,0.0319853127648495
"SFN",1.49063863721469,1.0098740482778,10.8673323921734,0.00190613628844836,0.0319853127648495
"KLF5",1.34549978050622,1.88021754294076,10.8370502375439,0.00193139815822289,0.0322516667448802
"HEPACAM2",1.0361479759441,3.20914317776735,10.805011037531,0.00195851054977979,0.0326364134996569
"MIR421",-1.33040198184178,0.639070445429062,10.8003086775257,0.00196252346174131,0.0326580201806447
"NT5E",-1.12792533003271,2.11933394235698,10.7967197381117,0.00196559203422043,0.0326864633851068
"MIR181A2HG",-1.78544258977739,-0.550439411644304,10.7886061260885,0.0019725479041866,0.0327568279724247
"MCEMP1",1.55996932073965,3.69321911845111,10.7791397591482,0.0019806963297051,0.0328694437157273
"ACHE",1.47692760672534,1.99423534190524,10.7758919581019,0.00198350013303674,0.0328929527118021
"TMED10P1",-1.29011803988311,0.985356631472093,10.769302826557,0.00198920135165579,0.0329197079848005
"LOC653160",-1.36889733710867,0.860139059329221,10.7653161088796,0.00199265923221047,0.0329234409498105
"LOC100499484",-1.25344350798574,0.758109129716775,10.7650861708962,0.0019928588622414,0.0329234409498105
"DHFRL1",-1.12308613601572,1.83407349794755,10.7557395153006,0.00200099142325643,0.0330239119860152
"ZKSCAN7",-1.59091202070581,1.11477683663122,10.699847558554,0.00205035941709357,0.033463708928932
"STAB1",1.33033962000866,7.19941587565559,10.6713255484819,0.00207604574928944,0.0336392156923274
"DUSP5",1.15178190692909,4.20322092652101,10.668574300258,0.0020785413539515,0.0336569733313924
"ANKRD16",-1.28206480929437,0.784723328663271,10.6663398232008,0.00208057053402084,0.0336671595296535
"CKMT2",-1.64887697486439,0.709492059461947,10.6251484797141,0.0021183540544404,0.0340494261985788
"COX10_AS1",-1.01178731480615,1.68146629147456,10.6150357979654,0.00212774031490771,0.0341369221615085
"DYRK3",1.06226283179631,3.07907466085307,10.6146959749792,0.00212805648840145,0.0341369221615085
"FOXO3",1.03067630980728,9.01071500677673,10.6033442609803,0.00213864672810348,0.0342839328159841
"LINC00937",1.52892664219147,3.33965645094911,10.5625954194442,0.00217712245262149,0.0346700502751048
"IGF2BP2",1.16193991719087,7.41942400436512,10.5344411354669,0.00220413232920792,0.0348458684997591
"CFAP44_AS1",-2.79091447882043,-1.53308534120207,10.5245203791307,0.00221373387449713,0.0349655335751054
"UGT2B11",-2.60669554709085,0.0173870999435505,10.5236175769847,0.00221460981597295,0.0349655335751054
"LOC101927151",-1.23306176468455,0.683518686251042,10.5167971767637,0.00222123912041113,0.0350073634266463
"THRIL",-1.17799984179955,1.34272139159171,10.4685336519825,0.00226875285272416,0.0354940996074204
"SCART1",-1.3687758777111,2.18115382022175,10.4555086248157,0.00228175845335239,0.0355600897971675
"PTCH2",1.67305601559971,2.56710640696402,10.4266541687014,0.00231085086840948,0.0359190174413538
"NRBF2",-1.21996016801038,4.13763695078331,10.3556155781155,0.00238415617468806,0.0368240898764528
"ZNF208",-1.21328167319864,1.98971364643665,10.3553900728593,0.00238439274464098,0.0368240898764528
"MIR3198_1",1.25028549649366,1.21918175689576,10.3501149389239,0.00238993378352902,0.0368859741712059
"ERMN",1.19593736669559,3.91561268333768,10.3442704121914,0.00239608878979066,0.0369098981673967
"TAS2R14",-1.52367879321026,0.400178044915592,10.3296371847561,0.00241157287740001,0.037077162026829
"CLDN20",-1.25477716596322,0.673559790074855,10.3127214381018,0.00242960390245211,0.0372919453960491
"ANTXRLP1",-1.04205713351546,2.06669003758543,10.2909598332689,0.00245300980933235,0.0375340538689983
"ZNF691",-1.00712387648791,1.51787640130141,10.2852925189488,0.00245914432409484,0.0375366553521921
"EMP1",1.85304172219559,3.43336242612991,10.2851741038336,0.00245927267365433,0.0375366553521921
"VSIG1",-1.1355092371752,1.85129628424755,10.2798739689444,0.0024650247108561,0.0375570987664443
"YPEL4",1.1647874460466,2.488999014749,10.2599907115158,0.00248673014476024,0.0376948397952471
"EXOC3L1",1.67465941075745,1.63914171496782,10.2583012850861,0.00248858367243092,0.0376948397952471
"S1PR2",1.25931840676816,2.03011861860901,10.2421160976268,0.00250641508542208,0.0378338086277837
"SIAH2",1.09924060431112,7.87756256037837,10.2354485801401,0.00251379994705388,0.0378675325370139
"GIMAP8",-1.32003608951141,4.64091734757721,10.2330738836397,0.00251643567616993,0.0378675325370139
"CXCR2",-1.6416312959076,6.83658166653908,10.2329950681318,0.00251652320527939,0.0378675325370139
"MRS2P2",1.09865210470722,3.05531430024718,10.2010193031742,0.0025523006514859,0.0381041862924679
"ENPP5",-1.43583450597148,0.78399856181578,10.2008238414947,0.00255252099601554,0.0381041862924679
"CKB",1.0901137651317,1.37712756239923,10.1977225178508,0.00255601981575941,0.0381041862924679
"CNPPD1",1.01436232646978,6.13341167234813,10.1736939323243,0.00258330032279139,0.0383208140418518
"SMAD7",1.24537367191928,4.14398623464078,10.1583823608682,0.00260084430670228,0.0384387843878077
"LOC101927204",-1.0880020840923,1.05538704765903,10.1135576243296,0.00265293140663692,0.0388267733438779
"HBM",1.10760124203511,5.00163748113504,10.1069965555421,0.00266064740502157,0.0388687287370283
"AK5",-1.12170338723741,2.27357848686157,10.0728371390527,0.00270120446590925,0.0392273020821857
"GBP1",1.0534622483501,6.16959584639798,10.0712227423524,0.00270313730142983,0.0392273020821857
"IFIT1B",1.05160077827327,6.82743365742467,10.0332491121749,0.00274902493724683,0.0396615568713912
"MIR4725",-2.66504155312846,-2.09522489998576,11.7291952449081,0.00275120505953092,0.0396615568713912
"P2RY13",-1.17120345396538,4.61879428348798,10.0189774574596,0.00276648296090928,0.0397863931088664
"OSM",1.18058353578626,3.48801192610979,10.0052996661984,0.00278332443536743,0.0399003126409545
"SPIN3",-1.10473773972937,2.10359853343658,10.004461351114,0.00278436016849046,0.0399003126409545
"HJURP",1.43597894797437,1.69128830458029,9.99461662482972,0.00279655376936608,0.0400030129826648
"MBNL3",1.03589665579063,9.93569060482907,9.99330602845546,0.00279818131235308,0.0400030129826648
"MIR5194",1.12039058354232,2.43066361454691,9.92960712116073,0.00287850316483464,0.0405248753522329
"ZNF613",-1.3728495113403,1.44743335923849,9.91231476926263,0.00290072587036396,0.0408138410057178
"CXCL2",1.91067691152878,0.253258291794327,9.89841966027997,0.00291871401227029,0.0408900086911609
"C5orf63",-1.11221781012146,1.89171797288933,9.86429547469481,0.00296339189498842,0.0412399073076303
"SYNE1_AS1",-2.53334009181983,-1.50735307182018,9.79590221534909,0.00305512671181443,0.0421889013855107
"NTSR1",1.23591192954421,1.81157552548008,9.79425213913627,0.00305737665099914,0.0421889013855107
"OGFRL1",-1.01614740470748,5.28756512795248,9.76382806292408,0.00309917621004712,0.0426087999695786
"PER1",1.52470850238426,6.30951766614704,9.75767687375266,0.0031077004517314,0.0426285026025859
"CNR2",-1.00663440043765,1.52743733243194,9.72581080852055,0.00315225839199877,0.0429944442960876
"SOCS1",1.38092750462693,1.39325059527416,9.71070176977278,0.00317362062871335,0.0431264237877818
"NRIP3",1.38571827192678,1.46847000423776,9.70630217489916,0.00317986980685923,0.0431264237877818
"SEPT4",1.32299680730283,1.98631834993086,9.70406302762941,0.00318305528000396,0.0431452915800311
"CCDC173",1.13609326023708,0.901507470210641,9.66507643934117,0.00323906251624486,0.0435606807973288
"MIR4505",1.28768537204326,0.162027109950453,9.65212077827667,0.00325790408775279,0.0437139259471645
"LOC100132111",-1.43072163817532,0.275105387895178,9.6377152189336,0.00327899033747431,0.043869794077954
"SFXN2",-1.00758284618608,1.53926411801855,9.63678713595487,0.00328035376234966,0.043869794077954
"CLDND2",-1.14511270109724,1.81011694700391,9.63533486461376,0.00328248846246397,0.043869794077954
"KLHDC7B",1.08428972604932,2.23439814792182,9.62923488430696,0.00329147089776651,0.0439459795711791
"PELI1",1.02211133979655,6.96886669904865,9.62626018821868,0.00329586066177122,0.0439801695188406
"MIR6787",1.83990713277431,0.996888342308713,9.57559536354442,0.00337158465988957,0.04461922109615
"HSPA1B",1.16039830656783,2.91304182330767,9.57270105629212,0.0033759656659648,0.0446526239844827
"MRM1",-1.14594646462039,1.09545173269877,9.52313345147393,0.00345193563901794,0.045457417511405
"MIR151B",-1.90225238621059,-0.356073845110192,9.51759821123567,0.0034605307321986,0.0454910615332696
"ZNF74",-1.16432917157754,1.82510215968818,9.51661628010752,0.00346205783106893,0.0454910615332696
"RPS6KA2_AS1",-1.55798640797329,-0.0826841127757702,9.51304858995962,0.0034676123002906,0.0455391618638928
"GNAT2",-1.39445977201427,1.13925583950526,9.50830889859647,0.00347500601102895,0.0455864672892538
"MS4A4A",1.2899367649567,2.03403351829506,9.48384024827261,0.00351344204438927,0.0458805641222446
"ELMO1_AS1",-1.07794102674496,0.410943222711077,9.48310939052209,0.00351459698549341,0.0458805641222446
"ZNF486",-1.02997884959582,2.35462509686862,9.44557176152327,0.00357445904294855,0.0462851061641039
"RETN",1.43644596976851,2.26034666500346,9.41650807228117,0.00362154762259745,0.0466056984720625
"RPGRIP1",-1.4210751778835,1.62324584454763,9.41534628484238,0.00362344351392381,0.0466056984720625
"C1QA",1.42905857705807,2.75690295355433,9.41435532450592,0.00362506146616106,0.0466056984720625
"ABTB2",1.21528786101229,2.78103171592578,9.41081800965901,0.00363084311330624,0.0466384901188899
"GNG12_AS1",-2.30764211772771,0.476684381467745,9.40480661150706,0.00364069095934363,0.0467400185842909
"ZNF696",-1.30551210029843,1.72681398131345,9.35432698155765,0.00372450936853807,0.0473109098129246
"CCNB2",1.12420154145593,1.11885824073905,9.3252000185213,0.00377379925914153,0.0477855592339743
"TSPY26P",1.14741135603331,1.00886943762582,9.30766456107073,0.00380380578121732,0.0480642742065957
"CITED2",1.01139571274385,4.9264582389285,9.29426314489515,0.00382690823974662,0.0482800816017562
"MIR3939",-1.72507708716722,-0.239739391093086,9.24888771186693,0.00390623836272028,0.0487751607177705
"CD274",1.00019331430113,3.07718868516128,9.23614539329268,0.00392882729349934,0.0489495238857436
"RGS16",1.7260646101437,0.640885802133531,9.22409881361902,0.00395030994471267,0.0491153841419653
"FCGR3B",-1.72045056495801,7.8682583131978,9.20881920899127,0.00397773695245425,0.0493543151489757
"NUDT7",-1.71906860191093,-0.135971945355284,9.18425686908169,0.00402224956172834,0.0496249425147869
"ALAS2",1.44132027037252,12.3621855224347,9.17260184297966,0.00404355521269461,0.0497856265460597
